{
  "metadata": {
    "test_timestamp": 1765559705.0581927,
    "data_folder": "data\\smoke",
    "fast_pass": true,
    "hardware": {
      "system": "Windows",
      "release": "10",
      "cpu": {
        "model": "Intel64 Family 6 Model 186 Stepping 2, GenuineIntel",
        "cores_physical": 10,
        "cores_logical": 16
      },
      "ram": {
        "total_gb": 31.628311157226562
      },
      "gpu": {
        "available": false
      }
    }
  },
  "ingestion": {
    "success": true,
    "data_size": {
      "total_bytes": 836,
      "total_gb": 7.7858567237854e-07,
      "total_mb": 0.000797271728515625,
      "file_count": 7
    },
    "ingestion_time_seconds": 2.8072476387023926,
    "ingestion_time_minutes": 0.04678746064503988,
    "seconds_per_gb": 3605573.2057416267,
    "minutes_per_gb": 60092.886762360446,
    "gb_per_minute": 1.6640904670706488e-05,
    "chunks_ingested": 5,
    "chunks_per_second": 1.7811040006114935,
    "memory_before": {
      "ram_peak_gb": 16.93198013305664
    },
    "memory_after": {
      "ram_peak_gb": 17.495025634765625
    },
    "memory_delta_gb": 0.5630455017089844,
    "storage_estimate": {
      "total_bytes": 507512271,
      "total_gb": 0.47265763487666845,
      "faiss_bytes": 0,
      "parquet_bytes": 507512271
    },
    "compression_ratio": 1.6472508110055136e-06,
    "fast_pass": true
  }
}